{"cameraMode":{"drawMode":0,"name":"Shaded","section":"Shading Mode"},"sceneLighting":false,"audioPlay":false,"sceneViewState":{"m_AlwaysRefresh":false,"showFog":true,"showSkybox":false,"showFlares":true,"showImageEffects":true,"showParticleSystems":true,"showVisualEffectGraphs":true,"m_FxEnabled":true},"in2DMode":false,"pivot":{"x":0.05534100532531738,"y":0.21974849700927735,"z":2.5398011207580568},"rotation":{"x":-0.3094058036804199,"y":-0.25153177976608279,"z":0.08524386584758759,"w":-0.9131065011024475},"size":4.2476582527160648,"orthographic":false}